"This master doc contains official language and designation of our Foley Value Outcomes, and is intended to serve as a 'Master' to inform related elements such as collateral, workflows.  ",,,,,,,,,,,,,,,,,,,,,,,,,,,
,,,,,,,,,,,,,,,,,,,,,,,,,,,
,,,,,Customer Roles,,,,,,,,,,,,,,,,,,,,,,
Foley Value outcomes,Why It Matters?,Problem ,What Dash Enables?,Features? and Use Cases,"Principle Exec (CEO, Owner, etc) ",Safety Lead/Compliance Management/ ,HR/People lead ,Metrics / ROI Stories,,,,,,,,,,,,,,,,,,,
"Proactively monitor, manage, and retain top talent","Unsafe employees increase liability, accident risk, and brand exposure?",Safety risks from non-compliance,Identifies risky employees  early and supports proactive intervention?,"Real-time MVR & CSA monitoring*?
Annual MVR & DQF file reviews","How/Why it matters : 
Risk Containment - Proactively addressing unsafe employees reduces the likelihood of catastrophic accidents that can result in lawsuits, nuclear verdicts/settlements, and incrased insurance premiums
Brand Protection - Prevents public incidents that could damage company reputation, impact customer contracts, or trigger more or heightened regulatory scrutiny
Cost control - Minimizes turnover costs from reactive terminations, costly accident investigations, or compliance violations 

Why they care: 
They think in bottom-line and reputational impact terms. They need to know the system they're investing in reduces exposure before it hits profit, loss, or headlines. Dash provides board-ready metrics to demonstrate proactive risk management to stakeholders, insurers, and regulators ","How/Why it matters: 
Early intervention - Real-time monitoring flags issues before they escalate, allowing corrective action (like training, reassignment, disciplinary action) rather than terminition or incident response. 
Continuous readiness - Annual MVR/DQ reviews ensure no gaps in required documentaition or certifications. 
Benchmarking advantage - Safety leaders can identify patterns and trends vs industry peers to justify investments in safety programs or policy changes

Why they care: 
Their performance is tied to preventing violations, reducing incidents, and maintaining compliance. Dash consolidates monitoring on the compliance documentation front into one view, eliminating manual tracking and reducing the chance of human error. ","How/Why it matters: 
Retention strategy — Keeps top-performing employees by identifying and addressing issues early rather than losing them to preventable compliance or safety problems.
Hiring cost reduction — Reduces unplanned terminations, which lowers the pressure and expense of recruiting replacements.
Employee development — Safety benchmarking data can be used to guide targeted coaching or upskilling for at-risk employees.

Why they care: 
Their focus is building a stable, skilled workforce and retaining that workforce. Dash acts as a talent health check, blending compliance monitoring with workforce planning insights. ",,,,,,,,,,,,,,,,,,,,
,,,,DFW program management,,,,,,,,,,,,,,,,,,,,,,,
,,,,Safety benchmarking dashboards?,,,,,,,,,,,,,,,,,,,,,,,
Increase efficiency by automating manual workflows,Compliance management is time-consuming and error-prone when split across people and workflows ,Time spent managing compliance ?,Streamlines operations and reduces administrative burden?,Consolidated compliance platform?,"How/Why it matters:  
Lower labor costs- Reduces hours spent on low-value admin tasks, so staff can focus on strategic initiatives and revenue-driven work (?) 

Scaleable operations - enables the business to grow without proportionally increasing headcount in compliance or admin roles (eg:hiring boon=more admin tasks, more admin tasks=more people or risk falling behind on hiring/compliance management) 

Error reduction/cost avoidance - Automation reduces mistakes that can lead to fines, claims, or lost contracts

Why they care:  They're looking for efficiency gains tied directly to financial and operational ROI. Dash demonstrates how tech investments offset overhead and protects agains tunplanned compliance costs","How/why it matters: 
Time savings - automation handles repetitive tracking, freeing up safety leaders to focus on investigations, training, and proactive risk prevention. 
One source of truth -- Consolidation in a digital platform eliminates the need to reconscile multiple spreadsheets, systems, or vendor portals.
Fewer missed deadlines- Automated notifications ensure required actions like renewals, screenings, and audits, are completed on time

Why they care: 
Their bandwidth is often stretched really thin, so automation directly impacts their ability to stay ahead of compliance deadlines. Reducing manual work also reduces burnout and human error, both of which have an impact on compliance standing","How/why it matters: Faster onboarding - automation speeds up candidate-to-employee transitions by streamlining documentation and screening steps 
Consistency - Standardizing workflows means every hire or re-certification follows the same steps, feeding better fairness and compliance
Reduced friction - Less back-and-forth with candidates or employees on missing paperwork or unclear requirements

Why they care: 
They're evaluated on time-to-fill roles and keeping the workforce stable. Dash's automation improves the candidate and the employee experience, which helps with retention and employer branding. ",,,,,,,,,,,,,,,,,,,,
,,,,Automated tracking and notifications?,,,,,,,,,,,,,,,,,,,,,,,
,,,,Vendor-free workflows?,,,,,,,,,,,,,,,,,,,,,,,
Stay compliant and audit-ready,Lack of visibility and non-compliance can lead to costly fines and failed audits?,Potential blindspots and lack of audit-readiness?,"Surfaces gaps in advance through alerts, benchmarking, and analytics to support confident audit-readiness?",Digital document management ,"How/why it matters: 
Risk avoidance - failed audits can lead to substantial fines, lost contracts, and reputational damage. 
Financial protection - staying audit-ready reduces the likelihood of costly legal or regulatory action 
Operational visibility - Acces to clear compliance data supports better strategic decision-making

Why they care: 
They want assurance that the business i protected from avoidable compliance failures. Dash functions as a proactive early warning system, surfacing risks before they become an expensive or public issue. ","How/why it matters: 
Audit readiness - ensures all required files, certifications, and test results are current and readily accessible. 
Proactive gap closure - Alerts, dashboards, and peer benchmarking identifies weak spots before inspection 
Performance benchmarking - Data provides evidence of program success and areas for improvement

Why they care: 
Again, their performance is judged on preventing compliance lapses and violations. Audits are sudden and are, in themselves, a surprise. Dash reduces that last-minute scramble and preparation and increases confidence when facing an audit. ","How/why it matters : 
Workforce continuity - prevents disruptions caused by expired qualifications or missing documentation. 
Streamlined audit support - centralized digital files make responding to audit requests faster and more accurate, providing a united front for compliance leaders + HR leaders
Process efficiency - Automated testing and alerts reduce manual tracking and follow-up 

Why they care:  
They're the ones maintaining the overall workforce headcount, which involves a lot of record keeping to keep that workforce compliant and qualified. Dash supports a smooth, consistent process that avoids delays both in onboarding and retention. ",,,,,,,,,,,,,,,,,,,,
,,,,Automated/Easily-managed random drug testing,,,,,,,,,,,,,,,,,,,,,,,
,,,,Compliance alerting?,,,,,,,,,,,,,,,,,,,,,,,
,,,,Dashboards & Analytics?,,,,,,,,,,,,,,,,,,,,,,,
,,,,Benchmarking,,,,,,,,,,,,,,,,,,,,,,,
Hire safer drivers and employees faster,Delays in onboarding can lead to lost revenue and empty vehicles?,Need to hire quickly?,Reduces onboarding cycle time and improves visibility into bottlenecks?,Out-of-compliance driver tracking?,"How/Why it matters: 
Revenue protection - Delays in filling driver or employee roles can lead to idel vehicles, missed deliveries, lost contracts, and slower productivity. 
Competitive advantage - faster, safer hiring means getting qualified employees on the road or into critical positions ahead of competitors
Risk mitigation - Consistent, streamlined onboarding reduces the chance of brining on unqualified or unsafe employees who could hard operations or reputation 

Why they care: 
They can focus on keeping assets productive and contracts fulfilled. Dash directly connects hiring speed to revenue generation and safety standards","How/why it matters: 
Compliance from day one - ensures all hires meet regulatory requirements before they start work 
bottlneck visibility - identifies where appliacants get stuck in the process so safety/compliance and help move them forward
Fewer rehires - reduces the likelihood of hiring someone who will later be dq'd due to compliance issues 

Why they care: 
They want confidence that every new employee is fully vetted and compliant before they operate in a safety-sensitive role, and Dash provides the visibility to maintain compliance without slowing down hiring","How/why it matters- Reduce time-to-hire --- Candidate management tools streamline communications, document collection and screening
improved candidate experience - A faster, smoother onboarding process helps retain applicants through completion
Proactive tracking - out of compliance drivers tracking prevents delays caused by missing qualifications or expired documents

Why they care: 
Their success is measured by filling roles quickly with qualified, reliable employees. Dash gives them the tools to speed up onboarding while maintaining high safety and compliance standards. ",,,,,,,,,,,,,,,,,,,,
,,,,Audit support services*?,,,,,,,,,,,,,,,,,,,,,,,
,,,,Candidate management tools?,,,,,,,,,,,,,,,,,,,,,,,
Improve insurance risk profile ,A strong safety record can translate into meaningful insurance savings?,Rapidly increasing insurance costs?,Improves fleet risk profile and supports rate negotiations?,"Real-time MVR & CSA monitoring*?
Annual MVR & DQF file reviews
Drug & Alcohol Testing program management
Compliance alerting & benchmarking","How/Why it matters: 
Cost savings - lower risk profiles can reduce insurance premiums, saving potentially thousands per vehicle annually 
Financial predicatbility - fewer accidents and volations mean more stable insurance costs year ofver year 
Negotiation leverage - Strong safety metrics give leadership more bargaining power with carriers 

Why they care: 
Insurance is a major operating expense; reduction shave a direct impact on profit margins. Dash provides measurable proof points to support premium negotiations and cost controle","How/why it matters: 
Proactive monitoring and testing programs directly reduce claim frequency and severety
Demonstrable safety culture - Benchmarking and compliance records makd it easier to show insurers (and leadership) their program's effectiveness
Early intervention - catching driver issues before they cause a violation or accident keeps risk scores low

Why they care: 
A successful safety leader is defined by their ability to maintain and present a solid,safe, low-risk fleet. Dash enables them with real time tools to manage and assess risk factors in a way that is presentation-friendly and can influence insurance outcomes","How/why it matters - 
Better hiring decisions - screening and pre-hire checks prevent onboarding candidates who might rais the company's risk profile
Documentation for insurers - organized records of hiring and qualification process can support safety claims
Employee retention (?) - safer work environment helps keep experienced, low-risk drivers on staff. A safer workplace is a stable workplace and lends itself to attracting and keeping low-risk drivers on staff

Why they care: 
Their role in selecting and retaining safe employees directly supports the company's ability to negotiate better rates, and Dash tools ensure HR can maintain a consistent, defensible hiring process that reinforces a safe workplace",,,,,,,,,,,,,,,,,,,,
,,,,"Custom pre-hire workflows*?
Candidate management",,,,,,,,,,,,,,,,,,,,,,,
Simplify tech stack with one scalable platform,"Multiple point solutions create integration gaps and compliance blindspots?, especially as operations scale","Complex?, expanding compliance stacks? and processes","Centralizes compliance into one seamless, scalable platform?",Support for all employee types*?,"How and why it matters: 
Reduces the need for multiple vendors, contracts, and overlapping tools, lowering total tech spend
Clarity for operations - one platform means a single source of truth for compliance data
Scale without disruption - supports growth without needing to retool or replace systems

Why they care: 
They want to streamline or condense costs and minimize operational risk of juggling a bunch of systems. Dash brings all those functions into one platform that can grow as the company does, avoiding the headaches of huge migrations","How/why it matters: Single point of access - reduces login fatigue and system-switching errors by allowing all employee types to be managed under one system 
Fewer integration gaps - built-in modules for DQF, MVR, Clearinhous, DAT, and CSA mean data is connected and less likely to be missed
Multi-location oversight - hierarchy tools make it easier to monitor compliance performance across sites or subsidiaries from one dashboard

Why they care: 
They need confidence that no compliance detail is slipping through cracks caused by disconnected systems, and Dash ensures they can oversee and act on all compliance needs in one place. ","How/why it matters:
Centralized employee records - All roles (drivers, safety-sensitive, non-DOT) are managed in one platform, reducing duplicate data entry.
Streamlined workflows-  Integrated modules and automation reduce repetitive tasks and handoffs between systems. Simpler onboarding process-  Candidate management and compliance checks happen in the same platform, speeding up hiring and qualification.

Why they care: 
They benefit from a single hub for hiring, onboarding, and employee compliance management. Dash makes it easier to manage a growing or changing workforce without making it more complex or more of a burden ",,,,,,,,,,,,,,,,,,,,
,,,,Hierarchy/multi-location compliance management ,,,,,,,,,,,,,,,,,,,,,,,
,,,,Three packages with scalable usage?,,,,,,,,,,,,,,,,,,,,,,,
,,,,"Integrated modules (DQF, MVR, Clearinghouse, DAT, CSA)?",,,,,,,,,,,,,,,,,,,,,,,
,,,,,,,,,,,,,,,,,,,,,,,,,,,
,,,,,,,,,,,,,,,,,,,,,,,,,,,
,,,,HRIS & ATS integrations**?,,,,,,,,,,,,,,,,,,,,,,,
,,,,,,,,,,,,,,,,,,,,,,,,,,,
,,,,,,,,,,,,,,,,,,,,,,,,,,,
,,,,,,,,,,,,,,,,,,,,,,,,,,,
,,,,,,,,,,,,,,,,,,,,,,,,,,,
,,,,,,,,,,,,,,,,,,,,,,,,,,,
,,,,,,,,,,,,,,,,,,,,,,,,,,,
,,,,,,,,,,,,,,,,,,,,,,,,,,,
,,,,,,,,,,,,,,,,,,,,,,,,,,,
,,,,,,,,,,,,,,,,,,,,,,,,,,,
,,,,,,,,,,,,,,,,,,,,,,,,,,,
,,,,,,,,,,,,,,,,,,,,,,,,,,,
,,,,,,,,,,,,,,,,,,,,,,,,,,,
,,,,,,,,,,,,,,,,,,,,,,,,,,,
,,,,,,,,,,,,,,,,,,,,,,,,,,,
,,,,,,,,,,,,,,,,,,,,,,,,,,,
,,,,,,,,,,,,,,,,,,,,,,,,,,,
,,,,,,,,,,,,,,,,,,,,,,,,,,,
,,,,,,,,,,,,,,,,,,,,,,,,,,,
,,,,,,,,,,,,,,,,,,,,,,,,,,,
,,,,,,,,,,,,,,,,,,,,,,,,,,,
,,,,,,,,,,,,,,,,,,,,,,,,,,,
,,,,,,,,,,,,,,,,,,,,,,,,,,,
,,,,,,,,,,,,,,,,,,,,,,,,,,,
,,,,,,,,,,,,,,,,,,,,,,,,,,,
,,,,,,,,,,,,,,,,,,,,,,,,,,,
,,,,,,,,,,,,,,,,,,,,,,,,,,,
,,,,,,,,,,,,,,,,,,,,,,,,,,,
,,,,,,,,,,,,,,,,,,,,,,,,,,,
,,,,,,,,,,,,,,,,,,,,,,,,,,,
,,,,,,,,,,,,,,,,,,,,,,,,,,,
,,,,,,,,,,,,,,,,,,,,,,,,,,,
,,,,,,,,,,,,,,,,,,,,,,,,,,,
,,,,,,,,,,,,,,,,,,,,,,,,,,,
